1,1,5,参考になりました。,2021-01-10 07:01:00
2,2,6,参考になりました。,2021-01-10 07:01:00
3,3,7,参考になりました。,2021-01-10 07:01:00
4,4,8,参考になりました。,2021-01-10 07:01:00
5,5,9,参考になりました。,2021-01-10 07:01:00
6,6,10,参考になりました。,2021-01-10 07:01:00
7,7,11,参考になりました。,2021-01-10 07:01:00
8,8,12,参考になりました。,2021-01-10 07:01:00
9,9,13,参考になりました。,2021-01-10 07:01:00
10,10,14,参考になりました。,2021-01-10 07:01:00
11,11,15,参考になりました。,2021-01-10 07:01:00
12,12,16,参考になりました。,2021-01-10 07:01:00
13,13,17,参考になりました。,2021-01-10 07:01:00
14,14,18,参考になりました。,2021-01-10 07:01:00
15,15,19,参考になりました。,2021-01-10 07:01:00
16,16,20,参考になりました。,2021-01-10 07:01:00
17,17,1,参考になりました。,2021-01-10 07:01:00
18,18,2,参考になりました。,2021-01-10 07:01:00
19,19,3,参考になりました。,2021-01-10 07:01:00
20,20,4,参考になりました。,2021-01-10 07:01:00
21,21,5,参考になりました。,2021-01-10 07:01:00
22,22,6,参考になりました。,2021-01-10 07:01:00
23,23,7,参考になりました。,2021-01-10 07:01:00
24,24,8,参考になりました。,2021-01-10 07:01:00
25,25,9,参考になりました。,2021-01-10 07:01:00
26,26,10,参考になりました。,2021-01-10 07:01:00
27,27,11,参考になりました。,2021-01-10 07:01:00
28,28,12,参考になりました。,2021-01-10 07:01:00
29,29,13,参考になりました。,2021-01-10 07:01:00
30,30,14,参考になりました。,2021-01-10 07:01:00
31,31,15,参考になりました。,2021-01-10 07:01:00
32,32,16,参考になりました。,2021-01-10 07:01:00
33,33,17,参考になりました。,2021-01-10 07:01:00
34,34,18,参考になりました。,2021-01-10 07:01:00
35,35,19,参考になりました。,2021-01-10 07:01:00
36,36,20,参考になりました。,2021-01-10 07:01:00
37,37,1,参考になりました。,2021-01-10 07:01:00
38,38,2,参考になりました。,2021-01-10 07:01:00
39,39,3,参考になりました。,2021-01-10 07:01:00
40,40,4,参考になりました。,2021-01-10 07:01:00
41,41,5,参考になりました。,2021-01-10 07:01:00
42,42,6,参考になりました。,2021-01-10 07:01:00
43,43,7,参考になりました。,2021-01-10 07:01:00
44,44,8,参考になりました。,2021-01-10 07:01:00
45,45,9,参考になりました。,2021-01-10 07:01:00
46,46,10,参考になりました。,2021-01-10 07:01:00
47,47,11,参考になりました。,2021-01-10 07:01:00
48,48,12,参考になりました。,2021-01-10 07:01:00
49,49,13,参考になりました。,2021-01-10 07:01:00
50,50,14,参考になりました。,2021-01-10 07:01:00