1,5,2021-01-10 07:01:00
1,6,2021-01-10 07:01:00
1,7,2021-01-10 07:01:00
1,8,2021-01-10 07:01:00
1,9,2021-01-10 07:01:00
1,10,2021-01-10 07:01:00
1,11,2021-01-10 07:01:00
1,12,2021-01-10 07:01:00
1,13,2021-01-10 07:01:00
1,14,2021-01-10 07:01:00
2,12,2021-01-10 07:01:00
3,13,2021-01-10 07:01:00
4,14,2021-01-10 07:01:00
5,15,2021-01-10 07:01:00
6,16,2021-01-10 07:01:00
7,17,2021-01-10 07:01:00
8,18,2021-01-10 07:01:00
9,19,2021-01-10 07:01:00
10,20,2021-01-10 07:01:00
46,4,2021-01-10 07:01:00
46,5,2021-01-10 07:01:00
46,6,2021-01-10 07:01:00
46,7,2021-01-10 07:01:00
46,8,2021-01-10 07:01:00
46,9,2021-01-10 07:01:00
46,10,2021-01-10 07:01:00
46,11,2021-01-10 07:01:00
46,12,2021-01-10 07:01:00
46,12,2021-01-10 07:01:00
46,12,2021-01-10 07:01:00
46,12,2021-01-10 07:01:00
50,15,2021-01-10 07:01:00
50,16,2021-01-10 07:01:00
50,17,2021-01-10 07:01:00
50,18,2021-01-10 07:01:00
50,19,2021-01-10 07:01:00
50,20,2021-01-10 07:01:00
50,1,2021-01-10 07:01:00
50,2,2021-01-10 07:01:00
50,3,2021-01-10 07:01:00