1,1,1,おすすめです。,true,2021-01-11 15:00:00
2,1,2,おすすめです。,true,2021-01-11 15:00:00
3,1,3,おすすめです。,true,2021-01-11 15:00:00
4,1,4,おすすめです。,true,2021-01-11 15:00:00
5,1,5,おすすめです。,true,2021-01-11 15:00:00
6,1,6,おすすめです。,true,2021-01-11 15:00:00
7,1,7,おすすめです。,true,2021-01-11 15:00:00
8,1,8,おすすめです。,true,2021-01-11 15:00:00
9,1,9,おすすめです。,true,2021-01-11 15:00:00
10,2,10,おすすめです。,true,2021-01-11 15:00:00
11,2,11,おすすめです。,true,2021-01-11 15:00:00
12,2,12,おすすめです。,true,2021-01-11 15:00:00
13,2,13,おすすめです。,true,2021-01-11 15:00:00
14,2,14,おすすめです。,true,2021-01-11 15:00:00
15,2,15,おすすめです。,true,2021-01-11 15:00:00
16,2,16,おすすめです。,true,2021-01-11 15:00:00
17,2,17,おすすめです。,true,2021-01-11 15:00:00
18,2,18,おすすめです。,true,2021-01-11 15:00:00
19,2,19,おすすめです。,true,2021-01-11 15:00:00
20,2,20,おすすめです。,true,2021-01-11 15:00:00
20,3,21,おすすめです。,true,2021-01-11 15:00:00
20,3,22,おすすめです。,true,2021-01-11 15:00:00